name,lng,lat,9M5g_yonghushu,9M5g_liuliang,9M4g_liuliang,9MSite_zhuliubi,9M_fugailv,9M_tousu,12M5g_yonghushu,12M5g_liuliang,12M4g_liuliang,12MSite_zhuliubi,12M_fugailv,12M_tousu,归属区域名称,
房山5G电信良乡工商大学1Z,116.166685,39.717293,1267 ,1.43 ,4.08 ,25.93%,0.993 ,,2563 ,53.34 ,1.851093228,96.6%,0.961 ,,北京良乡大学城,1.851093228
房山5G良乡检察院1ZM,116.130471,39.744731,0 ,0.00 ,1.23 ,0.00%,,,4 ,0.42 ,3.352950722,11.0%,0.961 ,,北京良乡大学城,3.352950722
房山5G良乡六环良乡梨村南1Z,116.17149,39.694786,2854 ,2.38 ,1.16 ,67.21%,0.889 ,,5 ,2.61 ,1.500970253,63.5%,0.962 ,,北京良乡大学城,1.500970253
房山5G青龙湖六环大马村1Z,116.093599,39.751826,3096 ,0.42 ,1.06 ,28.36%,0.990 ,,3847 ,37.14 ,0.028935038,99.9%,0.962 ,,北京良乡大学城,0.028935038
房山5G良乡梨村1Z,116.179222,39.711095,4427 ,5.61 ,3.04 ,64.90%,0.964 ,,6550 ,149.25 ,0.544997796,99.6%,0.963 ,,北京良乡大学城,0.544997796
房山5G长阳六环葫芦垡1Z,116.213131,39.694468,3908 ,5.28 ,3.00 ,63.76%,0.986 ,,6336 ,30.43 ,0,100.0%,0.963 ,,北京良乡大学城,0
房山5G良乡热力公司东北1Z,116.150975,39.717134,673 ,15.79 ,4.00 ,79.79%,,,796 ,16.06 ,0,100.0%,0.963 ,,北京良乡大学城,0
房山5G良乡时代广场2ZM,116.168248,39.723721,519 ,0.01 ,8.96 ,0.07%,,,701 ,6.36 ,5.448618465,53.9%,0.963 ,,北京良乡大学城,5.448618465
房山5G长阳凯悦莱1Z,116.169851,39.746175,207 ,3.18 ,0.34 ,90.33%,0.996 ,,310 ,7.53 ,1.502217356,83.4%,0.965 ,,北京良乡大学城,1.502217356
房山5G阎村六环张庄村东1Z,116.090931,39.734711,1821 ,16.44 ,1.73 ,90.50%,0.952 ,,3187 ,86.93 ,0.02766153,100.0%,0.966 ,,北京良乡大学城,0.02766153
房山5G长阳体育公园西南1Z,116.191273,39.75272,628 ,1.16 ,1.17 ,49.89%,0.971 ,,1240 ,5.79 ,0.26041108,95.7%,0.966 ,,北京良乡大学城,0.26041108
房山5G青龙湖六环北刘庄1Z,116.093897,39.744211,2779 ,1.08 ,1.05 ,50.82%,0.990 ,,2707 ,29.86 ,0.018561406,99.9%,0.966 ,,北京良乡大学城,0.018561406
房山5G良乡知兴西路致美南街交汇1Z,116.172517,39.719506,1216 ,4.48 ,3.72 ,54.64%,0.983 ,,2179 ,30.44 ,7.190028815,80.9%,0.968 ,,北京良乡大学城,7.190028815
房山5G良乡时代广场1ZM,116.168248,39.723721,185 ,0.01 ,8.96 ,0.16%,,,7460 ,97.48 ,5.448618465,94.7%,0.968 ,,北京良乡大学城,5.448618465
房山5G良乡肖庄村东北1Z,116.129345,39.708164,1137 ,5.71 ,2.49 ,69.62%,0.925 ,,1565 ,12.83 ,1.781255335,87.8%,0.968 ,,北京良乡大学城,1.781255335
房山5G阎村京港澳高速与六环交叉口东侧1Z,116.106235,39.696796,0 ,0.00 ,0.23 ,0.00%,0.962 ,,8036 ,81.21 ,3.088551597,96.3%,0.969 ,,北京良乡大学城,3.088551597
房山5G长阳家园B区西1Z,116.163652,39.754301,895 ,4.19 ,0.97 ,81.27%,0.975 ,,1921 ,28.63 ,0.136797332,99.5%,0.970 ,,北京良乡大学城,0.136797332
房山5G良乡开发区1Z,116.122272,39.719731,2940 ,13.60 ,4.60 ,74.72%,0.986 ,,5732 ,106.46 ,5.184612669,95.4%,0.971 ,,北京良乡大学城,5.184612669
房山5G良乡五中北侧1Z,116.147975,39.726107,2252 ,10.98 ,2.68 ,80.39%,0.991 ,,3663 ,32.34 ,3.261885205,90.8%,0.971 ,,北京良乡大学城,3.261885205
房山5G良乡中国社会科学院5ZM,116.172614,39.740101,0 ,0.00 ,36.15 ,0.00%,,,0 ,0.00 ,6.135513966,0.0%,0.972 ,,北京良乡大学城,6.135513966
房山5G良乡城铁大学城北站南1Z,116.176918,39.727036,1205 ,3.12 ,6.08 ,33.92%,0.990 ,,1715 ,18.36 ,10.29710711,64.1%,0.974 ,,北京良乡大学城,10.29710711
房山5G良乡政通鲁村2Z,116.147265,39.708767,1227 ,0.00 ,1.49 ,0.00%,0.994 ,,1947 ,33.85 ,0.328814151,99.0%,0.975 ,,北京良乡大学城,0.328814151
房山5G良乡检测厂1Z,116.128955,39.712029,621 ,1.95 ,4.25 ,31.48%,1.000 ,,661 ,8.32 ,0.727041031,92.0%,0.975 ,,北京良乡大学城,0.727041031
房山5G良乡美丫美百货1ZM,116.130435,39.729379,11 ,0.04 ,9.70 ,0.39%,,,13 ,0.04 ,3.756882201,1.1%,0.975 ,,北京良乡大学城,3.756882201
房山5G阎村成人学校东1Z,116.096521,39.715941,13518 ,4.56 ,1.09 ,80.78%,1.000 ,,20565 ,258.92 ,1.539485735,99.4%,0.986 ,,北京良乡大学城,1.539485735
房山5G长阳六环（冠华玻璃厂）1Z,116.187867,39.695067,2418 ,1.51 ,0.50 ,75.04%,0.990 ,,3074 ,17.96 ,0.416750103,97.7%,0.986 ,,北京良乡大学城,0.416750103
房山5G良乡监狱1Z,116.12842,39.69704,0 ,0.00 ,2.04 ,0.00%,1.000 ,,3074 ,27.96 ,0.335945903,98.8%,0.987 ,,北京良乡大学城,0.335945903
房山5G良乡镇凯旋大街建设路交叉口西南角2Z,116.125402,39.715005,664 ,3.67 ,6.67 ,35.49%,0.976 ,,1141 ,26.95 ,0.527648578,98.1%,0.988 ,,北京良乡大学城,0.527648578
房山5G长阳京广线后店村1Z,116.160171,39.751711,979 ,7.10 ,1.16 ,86.00%,0.990 ,,1671 ,17.15 ,1.020657118,94.4%,0.988 ,,北京良乡大学城,1.020657118
房山5G长阳水碾屯回迁楼东南1Z,116.185446,39.732289,0 ,0.00 ,17.76 ,0.00%,,,0 ,0.00 ,2.298993837,0.0%,0.988 ,,北京良乡大学城,2.298993837
房山5G长阳联通社科院研究生院1Z,116.177038,39.736145,17 ,8.69 ,12.78 ,40.48%,0.952 ,,20 ,9.56 ,4.55190198,67.7%,0.989 ,,北京良乡大学城,4.55190198
房山5G良乡火车站1Z,116.154131,39.742721,899 ,6.05 ,1.47 ,80.41%,0.990 ,,1339 ,12.02 ,2.323922436,83.8%,0.989 ,,北京良乡大学城,2.323922436
房山5G良乡东阳大酒店1Z,116.158675,39.722695,2026 ,10.60 ,17.67 ,37.49%,0.991 ,,2985 ,58.36 ,8.321122536,87.5%,0.979 ,,北京良乡大学城,8.321122536
房山5G良乡六环小营村1Z,116.141791,39.694411,4152 ,6.67 ,1.83 ,78.45%,0.972 ,,6114 ,75.83 ,0.12839757,99.8%,0.980 ,,北京良乡大学城,0.12839757
房山5G良乡工商大学南1Z,116.165472,39.714871,253 ,1.67 ,46.54 ,3.45%,,,690 ,20.61 ,13.59347947,60.3%,0.980 ,,北京良乡大学城,13.59347947
房山5G良乡梅花庄1Z,116.156969,39.738272,1654 ,12.93 ,0.75 ,94.49%,0.990 ,,2362 ,40.54 ,0.51341407,98.7%,0.981 ,,北京良乡大学城,0.51341407
房山5G长阳一村南1Z,116.164222,39.749891,926 ,5.29 ,2.02 ,72.38%,0.996 ,,1298 ,9.84 ,0.345828816,96.6%,0.981 ,,北京良乡大学城,0.345828816
房山5G长阳小清河西1Z,116.189823,39.721817,766 ,8.24 ,0.28 ,96.73%,0.920 ,,1486 ,32.54 ,0.067877667,99.8%,0.981 ,,北京良乡大学城,0.067877667
房山5G良乡京石高速与良坨大街交叉口北1Z,116.123133,39.745172,0 ,0.00 ,2.15 ,0.00%,0.990 ,,4662 ,23.40 ,0.117900032,99.5%,0.982 ,,北京良乡大学城,0.117900032
房山5G阎村京港澳南梨园桥1Z,116.091176,39.699354,5880 ,0.76 ,1.02 ,42.78%,0.990 ,,7043 ,10.58 ,0.002824662,100.0%,0.982 ,,北京良乡大学城,0.002824662
房山5G良乡华淼汽修1Z,116.14043,39.751568,3764 ,20.87 ,0.64 ,97.02%,0.991 ,,5322 ,47.07 ,0.454890741,99.0%,0.982 ,,北京良乡大学城,0.454890741
房山5G良乡医院新建楼1ZM,116.135311,39.735112,4115 ,0.29 ,22.43 ,1.30%,,,8758 ,230.25 ,6.036235014,97.4%,0.983 ,,北京良乡大学城,6.036235014
房山5G良乡南关运7酒店1Z,116.136987,39.722387,6744 ,23.09 ,12.20 ,65.42%,0.993 ,,7966 ,98.71 ,4.176315559,95.9%,0.983 ,,北京良乡大学城,4.176315559
房山5G阎村镇六环大件路出口1Z,116.090844,39.728676,2255 ,2.30 ,0.73 ,75.92%,1.000 ,,3547 ,24.04 ,1.85211493,92.8%,0.983 ,,北京良乡大学城,1.85211493
房山5G良乡理工大学东校区东致美北街良乡东路南1Z,116.172702,39.729554,381 ,1.37 ,2.00 ,40.72%,0.960 ,,2 ,1.51 ,0,100.0%,0.983 ,,北京良乡大学城,0
房山5G阎村联通肖庄2Z,116.113701,39.699192,864 ,2.24 ,1.64 ,57.83%,1.000 ,,1091 ,9.76 ,2.98931594,76.6%,0.983 ,,北京良乡大学城,2.98931594
房山5G长阳金色河畔1Z,116.208691,39.702642,1608 ,10.37 ,3.14 ,76.75%,,,7 ,11.41 ,21.00243481,35.2%,0.983 ,,北京良乡大学城,21.00243481
房山5G长阳城建广悦居东侧居民楼1Z,116.184509,39.739137,599 ,1.45 ,10.73 ,11.93%,,,1062 ,8.16 ,0.585717545,93.3%,0.984 ,,北京良乡大学城,0.585717545
房山5G良乡大学城北站西南侧1Z,116.173842,39.726123,440 ,1.13 ,2.98 ,27.52%,,,8110 ,132.02 ,0.76207823,99.4%,0.984 ,,北京良乡大学城,0.76207823
房山5G长阳消防支队1Z,116.153923,39.751375,1438 ,10.46 ,0.53 ,95.14%,0.971 ,,2 ,11.50 ,5.638976579,67.1%,0.984 ,,北京良乡大学城,5.638976579
房山5G长阳联通文昌西路1Z,116.165338,39.738907,770 ,3.68 ,3.75 ,49.49%,0.917 ,,1096 ,11.20 ,1.021093104,91.6%,0.984 ,,北京良乡大学城,1.021093104
房山5G阎村京石高速梨园桥1Z,116.101537,39.703125,5081 ,4.42 ,1.07 ,80.46%,0.977 ,,3159 ,7.06 ,0.073262027,99.0%,0.984 ,,北京良乡大学城,0.073262027
房山5G良乡希岸轻雅酒店1ZM,116.151397,39.730242,0 ,0.00 ,10.58 ,0.00%,,,0 ,0.00 ,5.815798507,0.0%,0.984 ,,北京良乡大学城,5.815798507
房山5G良乡北京理工大学北校区3ZM,116.161848,39.731849,0 ,0.00 ,94.35 ,0.00%,,,0 ,0.00 ,80.64771531,0.0%,0.985 ,,北京良乡大学城,80.64771531
房山5G良乡阳光邑上西南1Z,116.150488,39.725168,3834 ,6.85 ,2.68 ,71.89%,0.987 ,,4508 ,40.27 ,3.261885205,92.5%,0.985 ,,北京良乡大学城,3.261885205
房山5G良乡理工大学食堂1Z,116.163527,39.730741,717 ,10.05 ,20.03 ,33.42%,0.995 ,,1485 ,74.17 ,16.4991529,81.8%,0.985 ,,北京良乡大学城,16.4991529
房山5G良乡新局1Z,116.135088,39.746882,6643 ,23.55 ,4.71 ,83.33%,0.970 ,,9763 ,76.79 ,1.757754028,97.8%,0.985 ,,北京良乡大学城,1.757754028
房山5G良乡理工大学东校区东1Z,116.172206,39.732614,640 ,15.67 ,1.73 ,90.06%,0.991 ,,819 ,21.29 ,1.108881324,95.0%,0.985 ,,北京良乡大学城,1.108881324
房山5G阎村博英学校1Z,116.09925,39.72317,3769 ,22.38 ,1.58 ,93.39%,0.991 ,,5121 ,41.49 ,2.11433775,95.2%,0.986 ,,北京良乡大学城,2.11433775
房山5G良乡工商大学西校区西南1Z,116.155544,39.716917,0 ,0.00 ,117.54 ,0.00%,,,913 ,35.25 ,6.400819177,84.6%,0.986 ,,北京良乡大学城,6.400819177
房山5G良乡中国社会科学院4ZM,116.172614,39.740101,0 ,0.00 ,36.15 ,0.00%,,,0 ,0.00 ,6.135513966,0.0%,0.986 ,,北京良乡大学城,6.135513966
房山5G良乡华北电网培训中心1Z,116.146163,39.744725,2990 ,4.91 ,13.36 ,26.86%,0.990 ,,4308 ,30.97 ,0.858738147,97.3%,0.986 ,,北京良乡大学城,0.858738147
房山5G良乡北潞园西1Z,116.113111,39.735937,4011 ,3.56 ,0.10 ,97.39%,0.990 ,,5713 ,17.66 ,0.044303348,99.7%,0.986 ,,北京良乡大学城,0.044303348
房山5G良乡太平庄华冠超市1Z,116.113265,39.731697,4267 ,2.68 ,2.10 ,56.06%,0.972 ,,5037 ,61.96 ,0.86078069,98.6%,0.986 ,,北京良乡大学城,0.86078069
房山5G良乡北京理工大学南校区3ZM,116.163456,39.724636,0 ,0.00 ,72.11 ,0.00%,,,0 ,0.00 ,73.48961551,0.0%,0.986 ,,北京良乡大学城,73.48961551
房山5G良乡工商大学宿舍楼1Z,116.158348,39.718342,1411 ,48.25 ,130.70 ,26.96%,0.988 ,,1693 ,106.55 ,7.905163566,93.1%,0.987 ,,北京良乡大学城,7.905163566
房山5G长阳城铁大学城北站1Z,116.176901,39.729293,2281 ,7.70 ,6.08 ,55.88%,0.997 ,,17 ,8.47 ,10.29710711,45.1%,0.987 ,,北京良乡大学城,10.29710711
房山5G良乡中国社会科学院3ZM,116.172614,39.740101,0 ,0.00 ,36.15 ,0.00%,,,0 ,0.00 ,6.135513966,0.0%,0.987 ,,北京良乡大学城,6.135513966
房山5G良乡理工大学南校区1Z,116.161851,39.725247,2342 ,6.70 ,2.48 ,72.98%,0.992 ,,1886 ,42.30 ,12.58629954,77.1%,0.988 ,,北京良乡大学城,12.58629954
房山5G良乡昊天公园1Z,116.146897,39.733104,4406 ,14.32 ,5.94 ,70.69%,,,5837 ,86.48 ,19.51571255,81.6%,0.988 ,,北京良乡大学城,19.51571255
房山5G良乡理工大学1Z,116.161703,39.736423,1086 ,6.74 ,35.76 ,15.85%,0.990 ,,7 ,7.41 ,19.03561636,28.0%,0.988 ,,北京良乡大学城,19.03561636
房山5G长阳六环长阳出口1Z,116.201156,39.695533,4138 ,0.62 ,2.06 ,23.15%,0.990 ,,18 ,0.68 ,2.59922105,20.8%,0.988 ,,北京良乡大学城,2.59922105
房山5G良乡学园北街良乡东路交汇1Z,116.166065,39.729989,17 ,2.28 ,20.03 ,10.21%,,,20 ,2.50 ,16.4991529,13.2%,0.988 ,,北京良乡大学城,16.4991529
房山5G良乡裕恒通建材1Z,116.141458,39.726402,1527 ,10.75 ,4.94 ,68.50%,0.985 ,,2668 ,26.73 ,0.215504833,99.2%,0.989 ,,北京良乡大学城,0.215504833
房山5G良乡金光路7号1ZM,116.122174,39.719756,28 ,2.90 ,4.60 ,38.68%,,,34 ,3.19 ,5.184612669,38.1%,0.989 ,,北京良乡大学城,5.184612669
房山5G长阳社科院1Z,116.177312,39.740865,870 ,4.74 ,3.46 ,57.86%,0.990 ,,2887 ,26.74 ,4.353826765,86.0%,0.989 ,,北京良乡大学城,4.353826765
房山5G良乡瑞城广场1ZM,116.135222,39.728865,0 ,0.00 ,23.07 ,0.00%,,,0 ,0.00 ,5.800349821,0.0%,0.989 ,,北京良乡大学城,5.800349821
房山5G良乡火车站南1Z,116.146163,39.744725,2206 ,12.57 ,13.36 ,48.48%,,,2623 ,43.32 ,0.858738147,98.1%,0.989 ,,北京良乡大学城,0.858738147
房山5G良乡瑞雪春堂2里28号楼1Z,116.139111,39.717432,1722 ,16.20 ,0.55 ,96.69%,0.990 ,,2066 ,35.31 ,0.524006393,98.5%,0.989 ,,北京良乡大学城,0.524006393
房山5G良乡荷园南路揽秀南街交汇1Z,116.151652,39.714761,1352 ,0.00 ,4.00 ,0.00%,,,2161 ,61.31 ,0,100.0%,0.990 ,,北京良乡大学城,0
房山5G良乡首都师范大学1Z,116.170138,39.711191,2192 ,34.41 ,8.57 ,80.06%,0.990 ,,3358 ,151.54 ,0.195931544,99.9%,0.990 ,,北京良乡大学城,0.195931544
房山5G良乡首发物流商务楼北1Z,116.113952,39.71968,8 ,0.01 ,8.40 ,0.08%,0.980 ,,10 ,0.01 ,0,100.0%,0.990 ,,北京良乡大学城,0
房山5G良乡水产局1Z,116.126115,39.730142,2370 ,28.02 ,10.63 ,72.49%,0.992 ,,2743 ,48.55 ,7.114386068,87.2%,0.990 ,,北京良乡大学城,7.114386068
房山5G良乡太平庄石材厂2Z,116.107172,39.731805,2100 ,0.00 ,2.42 ,0.00%,0.990 ,,11326 ,63.19 ,0.643161826,99.0%,0.990 ,,北京良乡大学城,0.643161826
房山5G长阳镇凯悦莱酒店1ZM,116.169143,39.746741,0 ,0.00 ,0.34 ,0.00%,,,0 ,0.00 ,1.502217356,0.0%,0.990 ,,北京良乡大学城,1.502217356
房山5G良乡智汇雅苑二期1ZM,116.175041,39.734211,0 ,0.00 ,26.15 ,0.00%,,,0 ,0.00 ,6.269948737,0.0%,0.990 ,,北京良乡大学城,6.269948737
房山5G良乡智汇雅苑二期2ZM,116.175041,39.734211,3 ,0.00 ,26.15 ,0.00%,,,0 ,0.00 ,6.269948737,0.0%,0.990 ,,北京良乡大学城,6.269948737
房山5G良乡伟业嘉园东里北2Z,116.156352,39.733553,4 ,6.71 ,2.00 ,77.05%,,,5 ,7.39 ,0,100.0%,0.990 ,,北京良乡大学城,0
房山5G良乡工会1ZM,116.129371,39.743961,0 ,0.00 ,0.60 ,0.00%,,,9 ,0.05 ,3.052731154,1.5%,0.990 ,,北京良乡大学城,3.052731154
房山5G良乡智汇雅苑二期3ZM,116.175041,39.734211,3031 ,0.00 ,26.15 ,0.00%,,,6785 ,75.72 ,6.269948737,92.4%,0.990 ,,北京良乡大学城,6.269948737
房山5G良乡西潞大街1Z,116.124087,39.736881,0 ,0.00 ,3.76 ,0.00%,,,0 ,0.00 ,2.573702707,0.0%,0.990 ,,北京良乡大学城,2.573702707
房山5G良乡中经信会议中心1ZM,116.143123,39.736008,0 ,0.00 ,1.83 ,0.00%,,,0 ,0.00 ,1.562971187,0.0%,0.990 ,,北京良乡大学城,1.562971187
房山5G房山城铁大学城东北1Z,116.176923,39.722982,0 ,0.00 ,0.79 ,0.00%,,,2893 ,27.00 ,0.199853037,99.3%,0.990 ,,北京良乡大学城,0.199853037
房山5G阎村六环十三里桥1Z,116.114821,39.696747,0 ,0.00 ,1.64 ,0.00%,,,0 ,0.00 ,2.98931594,0.0%,0.990 ,,北京良乡大学城,2.98931594
房山5G良乡北京理工大学北校区5ZM,116.161848,39.731849,0 ,0.00 ,94.35 ,0.00%,,,0 ,0.00 ,80.64771531,0.0%,0.990 ,,北京良乡大学城,80.64771531
房山5G良乡政府二办区1ZM,116.127524,39.720278,0 ,0.00 ,1.00 ,0.00%,,,0 ,0.00 ,0.151744956,0.0%,0.990 ,,北京良乡大学城,0.151744956
房山5G良乡北京理工大学北校区6ZM,116.161848,39.731849,0 ,0.00 ,94.35 ,0.00%,,,0 ,0.00 ,80.64771531,0.0%,0.990 ,,北京良乡大学城,80.64771531
房山5G良乡北京理工大学南校区6ZM,116.163456,39.724636,0 ,0.00 ,72.11 ,0.00%,,,0 ,0.00 ,73.48961551,0.0%,0.991 ,,北京良乡大学城,73.48961551
房山5G良乡北京理工大学南校区5ZM,116.163456,39.724636,0 ,0.00 ,72.11 ,0.00%,,,0 ,0.00 ,73.48961551,0.0%,0.991 ,,北京良乡大学城,73.48961551
房山5G良乡北京理工大学南校区8ZM,116.163456,39.724636,0 ,0.00 ,72.11 ,0.00%,,,0 ,0.00 ,73.48961551,0.0%,0.991 ,,北京良乡大学城,73.48961551
房山5G良乡中国社会科学院6ZM,116.172614,39.740101,0 ,0.00 ,36.15 ,0.00%,,,0 ,0.00 ,6.135513966,0.0%,0.991 ,,北京良乡大学城,6.135513966
房山5G长阳滨水公园西北1Z,116.180282,39.754248,3204 ,0.91 ,1.49 ,37.87%,0.998 ,,7485 ,28.90 ,0.401339804,98.6%,0.991 ,,北京良乡大学城,0.401339804
房山5G长阳金地朗悦学校1ZM,116.185339,39.730193,0 ,0.00 ,17.45 ,0.00%,,,0 ,0.00 ,0.564738355,0.0%,0.991 ,,北京良乡大学城,0.564738355
房山5G良乡多宝路1Z,116.150617,39.732791,2772 ,1.74 ,3.38 ,33.97%,0.974 ,,3496 ,25.32 ,4.492834649,84.9%,0.992 ,,北京良乡大学城,4.492834649
房山5G良乡核安保E1号楼1Z,116.182247,39.725297,2114 ,13.45 ,4.07 ,76.75%,0.990 ,,1761 ,53.31 ,0.619155566,98.9%,0.992 ,,北京良乡大学城,0.619155566
房山5G良乡月华小区北1Z,116.119821,39.731505,189 ,0.30 ,8.96 ,3.21%,,,1397 ,11.78 ,2.643191204,81.7%,0.993 ,,北京良乡大学城,2.643191204
房山5G良乡鑫峰大厦1Z,116.124285,39.722493,1170 ,9.82 ,1.65 ,85.62%,0.995 ,,3667 ,79.14 ,1.665030673,97.9%,0.993 ,,北京良乡大学城,1.665030673
房山5G良乡中发兴业电气有限公司1Z,116.136707,39.714668,416 ,1.68 ,1.10 ,60.37%,0.991 ,,644 ,4.70 ,0.367950996,92.7%,0.993 ,,北京良乡大学城,0.367950996
房山5G良乡联通良乡社会服务中心1Z,116.138811,39.730911,2905 ,17.01 ,12.02 ,58.59%,0.990 ,,2321 ,41.87 ,4.952912697,89.4%,0.993 ,,北京良乡大学城,4.952912697
房山5G良乡体育馆北1Z,116.127122,39.740783,1292 ,12.54 ,8.04 ,60.93%,0.984 ,,2110 ,19.61 ,1.76146283,91.8%,0.993 ,,北京良乡大学城,1.76146283
房山5G良乡京港澳东阎村桥1Z,116.105397,39.724942,0 ,0.00 ,2.78 ,0.00%,,,4866 ,23.19 ,1.067989553,95.6%,0.993 ,,北京良乡大学城,1.067989553
房山5G良乡北京理工大学北校区2ZM,116.161848,39.731849,0 ,0.00 ,94.35 ,0.00%,,,0 ,0.00 ,80.64771531,0.0%,0.993 ,,北京良乡大学城,80.64771531
房山5G良乡华冠购物中心1Z,116.132828,39.733535,971 ,19.26 ,41.12 ,31.89%,0.996 ,,1232 ,25.76 ,7.8818242,76.6%,0.993 ,,北京良乡大学城,7.8818242
房山5G良乡北京理工大学南校区1ZM,116.163456,39.724636,0 ,0.00 ,72.11 ,0.00%,,,0 ,0.00 ,73.48961551,0.0%,0.994 ,,北京良乡大学城,73.48961551
房山5G良乡北潞芳北1Z,116.119785,39.740943,2404 ,9.37 ,5.68 ,62.29%,0.991 ,,2416 ,11.52 ,0.054551812,99.5%,0.994 ,,北京良乡大学城,0.054551812
房山5G良乡恒大滨河左岸北区1Z,116.147546,39.715615,3715 ,2.72 ,0.53 ,83.77%,1.000 ,,1 ,2.99 ,2.960779856,50.2%,0.994 ,,北京良乡大学城,2.960779856
房山5G良乡成教中心1Z,116.15123,39.755601,2370 ,21.76 ,2.64 ,89.19%,0.982 ,,3923 ,70.01 ,10.18473969,87.3%,0.994 ,,北京良乡大学城,10.18473969
房山5G长阳联通小西庄回迁楼北侧1Z,116.163242,39.743382,1911 ,5.98 ,4.73 ,55.85%,0.990 ,,2962 ,49.58 ,0.899023324,98.2%,0.994 ,,北京良乡大学城,0.899023324
房山5G良乡北潞园1Z,116.124398,39.736621,1813 ,14.68 ,1.50 ,90.73%,0.963 ,,4589 ,51.23 ,2.107492798,96.0%,0.994 ,,北京良乡大学城,2.107492798
房山5G良乡西潞园1Z,116.122753,39.731005,728 ,8.67 ,8.73 ,49.82%,1.000 ,,1050 ,16.09 ,2.330252366,87.3%,0.994 ,,北京良乡大学城,2.330252366
房山5G阎村炒米店1Z,116.101676,39.710131,4654 ,5.34 ,2.02 ,72.54%,0.987 ,,1701 ,8.91 ,0.59051596,93.8%,0.995 ,,北京良乡大学城,0.59051596
房山5G良乡苏庄桥西南1Z,116.110988,39.726292,7285 ,14.47 ,1.33 ,91.61%,0.997 ,,5267 ,55.53 ,0.751861712,98.7%,0.995 ,,北京良乡大学城,0.751861712
房山5G良乡北关运7酒店搬迁站1Z,116.135547,39.738962,1698 ,22.01 ,18.17 ,54.77%,,,2125 ,18.53 ,3.95201304,82.4%,0.995 ,,北京良乡大学城,3.95201304
房山5G良乡共创大厦1Z,116.116725,39.722868,2454 ,7.74 ,8.78 ,46.87%,0.991 ,,24 ,8.52 ,4.209895109,66.9%,0.995 ,,北京良乡大学城,4.209895109
房山5G良乡经贸学校宿舍楼1Z,116.158093,39.720575,290 ,0.48 ,145.16 ,0.33%,1.000 ,,272 ,10.31 ,26.72742228,27.8%,0.995 ,,北京良乡大学城,26.72742228
房山5G良乡奥斯比例克新技术开发公司西北1Z,116.13296,39.71025,7412 ,2.28 ,0.06 ,97.28%,0.989 ,,10022 ,155.69 ,0.068243178,100.0%,0.995 ,,北京良乡大学城,0.068243178
房山5G良乡理工大学北校区西1Z,116.160825,39.733113,0 ,0.00 ,2.00 ,0.00%,0.986 ,,2116 ,109.66 ,0,100.0%,0.995 ,,北京良乡大学城,0
房山5G良乡西潞时代1Z,116.121145,39.729061,3987 ,14.26 ,6.79 ,67.72%,0.981 ,,2074 ,38.12 ,2.4962859,93.9%,0.995 ,,北京良乡大学城,2.4962859
房山5G良乡东羊庄1Z,116.158961,39.729241,7 ,32.61 ,24.30 ,57.30%,,,0 ,0.00 ,15.66377556,0.0%,0.995 ,,北京良乡大学城,15.66377556
房山5G房山良乡中医药大学操场1Z,116.167408,39.709065,1901 ,41.60 ,3.78 ,91.67%,0.990 ,,2346 ,73.56 ,1.775619641,97.6%,0.995 ,,北京良乡大学城,1.775619641
房山5G房山良乡长虹东路1Z,116.153551,39.721297,2677 ,7.94 ,16.23 ,32.85%,0.993 ,,6201 ,88.44 ,14.46945961,85.9%,0.996 ,,北京良乡大学城,14.46945961
房山5G良乡洋森饭店1Z,116.130321,39.724318,2595 ,13.46 ,11.50 ,53.93%,0.992 ,,0 ,0.00 ,11.40957598,0.0%,0.996 ,,北京良乡大学城,11.40957598
房山5G阎村镇阎安东路1Z,116.090111,39.710121,1265 ,2.50 ,0.31 ,88.92%,0.992 ,,1290 ,11.95 ,0.413550625,96.7%,0.996 ,,北京良乡大学城,0.413550625
房山5G良乡电信良乡2办1Z,116.127153,39.719972,1849 ,8.88 ,1.00 ,89.84%,0.975 ,,1483 ,17.38 ,0.151744956,99.1%,0.996 ,,北京良乡大学城,0.151744956
房山5G良乡经贸职业学院2Z,116.155543,39.720153,1343 ,8.04 ,30.29 ,20.97%,0.993 ,,1422 ,65.74 ,16.09274025,80.3%,0.996 ,,北京良乡大学城,16.09274025
房山5G良乡太平庄1Z,116.112548,39.729175,3852 ,2.72 ,2.88 ,48.61%,,,6365 ,33.83 ,1.047271928,97.0%,0.996 ,,北京良乡大学城,1.047271928
房山5G良乡联通昊天家具城2Z,116.132667,39.720054,861 ,11.50 ,7.30 ,61.17%,0.976 ,,1390 ,24.15 ,2.675957388,90.0%,0.996 ,,北京良乡大学城,2.675957388
房山5G长阳城铁广阳城站1Z,116.178151,39.744067,10 ,9.92 ,22.27 ,30.82%,0.992 ,,12 ,10.91 ,4.247670791,72.0%,0.996 ,,北京良乡大学城,4.247670791
房山5G良乡辰光家园1Z,116.136532,39.725395,4138 ,22.08 ,16.24 ,57.62%,0.987 ,,5154 ,93.94 ,4.687747291,95.2%,0.997 ,,北京良乡大学城,4.687747291
房山5G良乡北京理工大学游泳馆5ZM,116.170647,39.730902,0 ,0.00 ,3.73 ,0.00%,,,0 ,0.00 ,1.108881324,0.0%,0.997 ,,北京良乡大学城,1.108881324
房山5G良乡北京理工大学南校区2ZM,116.163456,39.724636,0 ,0.00 ,72.11 ,0.00%,,,0 ,0.00 ,73.48961551,0.0%,0.997 ,,北京良乡大学城,73.48961551
房山5G良乡理工大学实训楼1Z,116.167611,39.724903,566 ,5.74 ,0.49 ,92.09%,0.998 ,,1106 ,18.88 ,1.710999759,91.7%,0.997 ,,北京良乡大学城,1.710999759
房山5G良乡昊天家具城东南1Z,116.137608,39.720603,370 ,1.94 ,4.39 ,30.68%,,,1074 ,12.74 ,2.078376323,86.0%,0.997 ,,北京良乡大学城,2.078376323
房山5G良乡城铁大学城站1Z,116.171462,39.721652,2103 ,2.47 ,3.72 ,39.87%,0.990 ,,2333 ,27.78 ,7.190028815,79.4%,0.997 ,,北京良乡大学城,7.190028815
房山5G良乡卫生监督所1Z,116.145741,39.747307,1619 ,18.12 ,16.80 ,51.90%,0.992 ,,2296 ,25.47 ,0.466823697,98.2%,0.997 ,,北京良乡大学城,0.466823697
房山5G良乡拱辰招商大厦1ZM,116.130538,39.745579,0 ,0.00 ,1.30 ,0.00%,,,0 ,0.00 ,3.396700143,0.0%,0.998 ,,北京良乡大学城,3.396700143
房山5G良乡开发公司1Z,116.131412,39.715911,3500 ,3.38 ,6.71 ,33.51%,0.970 ,,5544 ,109.09 ,0.175245892,99.8%,0.998 ,,北京良乡大学城,0.175245892
房山5G良乡中大瑞祥1ZM,116.129097,39.729177,0 ,0.00 ,16.61 ,0.00%,,,0 ,0.00 ,7.145421052,0.0%,0.998 ,,北京良乡大学城,7.145421052
房山5G良乡北潞园公园1Z,116.117501,39.735077,643 ,8.95 ,1.16 ,88.57%,0.989 ,,736 ,11.82 ,1.189109327,90.9%,0.998 ,,北京良乡大学城,1.189109327
房山5G良乡苏宁商务楼1ZM,116.135365,39.730072,0 ,0.00 ,22.34 ,0.00%,,,5972 ,78.24 ,5.163973052,93.8%,0.998 ,,北京良乡大学城,5.163973052
房山5G良乡工商大学北1Z,116.159682,39.719329,724 ,8.31 ,128.70 ,6.06%,0.990 ,,11 ,9.14 ,7.905163566,53.6%,0.998 ,,北京良乡大学城,7.905163566
房山5G良乡首都师范大学北1Z,116.172185,39.714828,0 ,0.00 ,2.00 ,0.00%,0.989 ,,791 ,6.23 ,0,100.0%,0.998 ,,北京良乡大学城,0
房山5G良乡盛通建材1Z,116.133541,39.741365,1727 ,16.44 ,5.41 ,75.22%,0.991 ,,2569 ,42.35 ,2.47266712,94.5%,0.998 ,,北京良乡大学城,2.47266712
房山5G良乡北京理工大学南校区4ZM,116.163456,39.724636,0 ,0.00 ,72.11 ,0.00%,,,0 ,0.00 ,73.48961551,0.0%,0.998 ,,北京良乡大学城,73.48961551
房山5G良乡五小1Z,116.139981,39.741668,2571 ,16.84 ,2.39 ,87.58%,0.991 ,,4539 ,63.49 ,1.552834069,97.6%,0.999 ,,北京良乡大学城,1.552834069
房山5G良乡联通京广后店村东1Z,116.155821,39.746677,491 ,7.21 ,0.07 ,99.05%,0.996 ,,631 ,4.33 ,0.155311311,96.5%,0.999 ,,北京良乡大学城,0.155311311
房山5G良乡京周路1Z,116.150451,39.752687,10093 ,5.36 ,1.70 ,75.93%,0.987 ,,1 ,5.89 ,2.584279541,69.5%,0.999 ,,北京良乡大学城,2.584279541
房山5G良乡1Z,116.140545,39.732877,4559 ,16.35 ,4.84 ,77.15%,0.993 ,,5473 ,83.96 ,3.524564786,96.0%,0.999 ,,北京良乡大学城,3.524564786
房山5G良乡苏庄搬迁1Z,116.114125,39.727611,1801 ,17.14 ,2.21 ,88.58%,0.990 ,,3015 ,28.26 ,0.876560454,97.0%,0.999 ,,北京良乡大学城,0.876560454
房山5G良乡田氏大厦Z26G,116.136283,39.732985,1150 ,11.23 ,16.49 ,40.51%,0.989 ,,1373 ,21.41 ,6.749848201,76.0%,0.999 ,,北京良乡大学城,6.749848201
房山5G良乡北京公安局房山分局1ZM,116.130657,39.743203,0 ,0.00 ,0.60 ,0.00%,,,0 ,0.00 ,3.021056883,0.0%,0.999 ,,北京良乡大学城,3.021056883
房山5G良乡北京理工大学北校区1ZM,116.161848,39.731849,0 ,0.00 ,94.35 ,0.00%,,,0 ,0.00 ,80.64771531,0.0%,0.999 ,,北京良乡大学城,80.64771531
房山5G良乡北京理工大学北校区4ZM,116.161848,39.731849,0 ,0.00 ,94.35 ,0.00%,,,0 ,0.00 ,80.64771531,0.0%,0.999 ,,北京良乡大学城,80.64771531
房山5G良乡中国社会科学院2ZM,116.172614,39.740101,0 ,0.00 ,36.15 ,0.00%,,,0 ,0.00 ,6.135513966,0.0%,0.999 ,,北京良乡大学城,6.135513966
房山5G良乡工商局1ZM,116.125872,39.729127,0 ,0.00 ,1.85 ,0.00%,,,13 ,3.98 ,2.617320187,60.3%,0.999 ,,北京良乡大学城,2.617320187
房山5G良乡北潞园东门1Z,116.128922,39.738837,4744 ,10.30 ,3.95 ,72.31%,0.994 ,,5839 ,63.96 ,2.73067264,95.9%,0.999 ,,北京良乡大学城,2.73067264
房山5G良乡联通东关新村1Z,116.147251,39.730223,610 ,2.88 ,10.86 ,20.94%,1.000 ,,732 ,5.34 ,6.98584259,43.3%,0.999 ,,北京良乡大学城,6.98584259
房山5G良乡睿府书香11号楼1Z,116.164531,39.722655,2534 ,16.75 ,2.56 ,86.73%,0.996 ,,3885 ,62.43 ,10.61512334,85.5%,1.000 ,,北京良乡大学城,10.61512334
房山5G良乡北京理工大学5号宿舍楼A座1ZM,116.165591,39.735642,7 ,2.15 ,5.00 ,30.04%,,,8 ,2.36 ,0,100.0%,1.000 ,,北京良乡大学城,0
房山5G良乡北京理工大学北校区9ZM,116.161848,39.731849,0 ,0.00 ,94.35 ,0.00%,,,0 ,0.00 ,80.64771531,0.0%,1.000 ,,北京良乡大学城,80.64771531
房山5G良乡圣晖花园西1Z,116.126708,39.751082,0 ,0.00 ,0.02 ,0.00%,0.990 ,,0 ,0.00 ,0.755601255,0.0%,1.000 ,,北京良乡大学城,0.755601255
房山5G房山良乡中医药大学后勤楼1Z,116.165493,39.712345,610 ,20.97 ,228.55 ,8.40%,0.993 ,,905 ,41.81 ,60.7204156,40.8%,1.000 ,,北京良乡大学城,60.7204156
房山5G良乡圣星城1Z,116.130172,39.735223,6338 ,16.42 ,4.17 ,79.75%,0.990 ,,6245 ,82.85 ,3.317213811,96.2%,1.000 ,,北京良乡大学城,3.317213811
房山5G良乡政通路招商大厦1Z,116.130363,39.745555,5583 ,7.01 ,1.30 ,84.35%,0.984 ,,7878 ,70.82 ,3.396700143,95.4%,1.000 ,,北京良乡大学城,3.396700143
房山5G良乡政通路2号院1Z,116.138613,39.745823,4696 ,30.45 ,5.45 ,84.81%,0.983 ,,6854 ,71.38 ,2.062008483,97.2%,1.000 ,,北京良乡大学城,2.062008483
房山5G良乡北京理工大学实训楼4ZM,116.167761,39.724987,2 ,0.06 ,0.49 ,11.43%,0.997 ,,2 ,0.07 ,1.710999759,3.9%,1.000 ,,北京良乡大学城,1.710999759
房山5G良乡中国社会科学院1ZM,116.172614,39.740101,0 ,0.00 ,36.15 ,0.00%,0.998 ,,0 ,0.00 ,6.135513966,0.0%,1.000 ,,北京良乡大学城,6.135513966
房山5G良乡蚕种厂1Z,116.135207,39.751487,7016 ,12.76 ,1.38 ,90.27%,0.968 ,,10399 ,46.89 ,0.561303145,98.8%,1.000 ,,北京良乡大学城,0.561303145
房山5G良乡瑞城广场1Z,116.135401,39.728331,16 ,16.85 ,20.75 ,44.81%,0.986 ,,0 ,0.00 ,5.037678594,0.0%,1.000 ,,北京良乡大学城,5.037678594
房山5G长阳滨水公园1Z,116.182561,39.750375,5 ,2.45 ,1.75 ,58.39%,0.999 ,,6 ,2.70 ,1.26325465,68.1%,1.000 ,,北京良乡大学城,1.26325465
房山5G长阳世茂维拉小区对面1Z,116.172261,39.744252,1434 ,4.52 ,0.80 ,84.90%,0.997 ,,4361 ,25.33 ,0.59538331,97.7%,1.000 ,,北京良乡大学城,0.59538331
房山5G良乡交通局指挥中心1Z,116.107714,39.720863,2537 ,10.02 ,2.41 ,80.63%,0.997 ,,4253 ,31.86 ,1.473519549,95.6%,1.000 ,,北京良乡大学城,1.473519549
房山5G长阳镇1Z,116.170568,39.749975,4783 ,17.10 ,24.72 ,40.88%,0.993 ,,8962 ,93.13 ,7.78678458,92.3%,1.000 ,,北京良乡大学城,7.78678458
房山5G良乡变压器厂1Z,116.149892,39.745922,1342 ,0.26 ,0.34 ,42.81%,0.993 ,,7 ,0.28 ,3.539039934,7.4%,1.000 ,,北京良乡大学城,3.539039934
房山5G良乡林业局1Z,116.120508,39.725337,586 ,8.16 ,5.17 ,61.20%,0.994 ,,897 ,24.07 ,1.006164387,96.0%,1.000 ,,北京良乡大学城,1.006164387
房山5G良乡北关东路格林豪泰1Z,116.142183,39.734547,2861 ,5.36 ,2.20 ,70.90%,0.995 ,,3823 ,30.32 ,3.353531684,90.0%,1.000 ,,北京良乡大学城,3.353531684
房山5G良乡京都百货1Z,116.135394,39.730415,4259 ,37.98 ,23.15 ,62.13%,0.991 ,,4934 ,66.62 ,5.389092161,92.5%,1.000 ,,北京良乡大学城,5.389092161
房山5G良乡西路南里1Z,116.118792,39.729375,6612 ,6.52 ,5.96 ,52.26%,0.996 ,,9953 ,71.84 ,2.053871092,97.2%,1.000 ,,北京良乡大学城,2.053871092
房山5G良乡长虹西路营业厅1ZM,116.124154,39.722487,20 ,3.78 ,1.65 ,69.62%,0.991 ,,44 ,8.65 ,1.665030673,83.9%,1.000 ,,北京良乡大学城,1.665030673
房山5G良乡医院1Z,116.135498,39.735711,3273 ,16.74 ,19.55 ,46.12%,0.993 ,,0 ,0.00 ,5.858463223,0.0%,1.000 ,,北京良乡大学城,5.858463223
房山5G良乡影剧院1Z,116.13482,39.73673,3344 ,6.79 ,17.45 ,28.02%,0.994 ,,805 ,7.28 ,7.700355272,48.6%,1.000 ,,北京良乡大学城,7.700355272
房山5G良乡西北关村西南1Z,116.133661,39.737805,328 ,7.59 ,19.59 ,27.92%,0.997 ,,12 ,8.35 ,6.237279463,57.2%,1.000 ,,北京良乡大学城,6.237279463
房山5G良乡五金化大楼1Z,116.122666,39.710195,1711 ,16.26 ,1.99 ,89.08%,0.995 ,,3909 ,42.06 ,5.603038142,88.2%,1.000 ,,北京良乡大学城,5.603038142
房山5G良乡固村南1Z,116.114425,39.738981,4813 ,3.24 ,0.43 ,88.35%,0.994 ,,6397 ,24.36 ,0.107549556,99.6%,1.000 ,,北京良乡大学城,0.107549556
房山5G良乡送变电物业1Z,116.149337,39.747931,3232 ,4.30 ,0.57 ,88.27%,0.995 ,,4112 ,35.69 ,3.580016928,90.9%,1.000 ,,北京良乡大学城,3.580016928
房山5G良乡东关家园6号楼1Z,116.143961,39.731917,540 ,1.61 ,8.82 ,15.46%,0.993 ,,588 ,5.61 ,6.476223209,46.4%,1.000 ,,北京良乡大学城,6.476223209
房山5G良乡北京理工大学南校区7ZM,116.163456,39.724636,0 ,0.00 ,72.11 ,0.00%,,,0 ,0.00 ,73.48961551,0.0%,1.000 ,,北京良乡大学城,73.48961551
房山5G良乡长虹路1Z,116.13164,39.72235,4952 ,16.80 ,10.90 ,60.65%,0.991 ,,6334 ,89.71 ,11.15581024,88.9%,1.000 ,,北京良乡大学城,11.15581024
房山5G良乡中心小学1Z,116.11784,39.72339,778 ,1.36 ,8.78 ,13.39%,1.000 ,,1287 ,10.66 ,4.209895109,71.7%,1.000 ,,北京良乡大学城,4.209895109
房山5G良乡东关嘉安驾校1Z,116.142563,39.729951,4535 ,10.25 ,3.21 ,76.17%,0.997 ,,4133 ,46.18 ,1.389325713,97.1%,1.000 ,,北京良乡大学城,1.389325713
房山5G良乡瑞雪春堂商务楼1Z,116.143237,39.714602,3155 ,6.52 ,8.49 ,43.45%,0.995 ,,4455 ,82.77 ,1.186044486,98.6%,1.000 ,,北京良乡大学城,1.186044486
房山5G良乡智汇雅苑二期5ZM,116.175041,39.734211,1368 ,0.00 ,26.15 ,0.00%,1.000 ,,3569 ,16.06 ,6.269948737,71.9%,1.000 ,,北京良乡大学城,6.269948737
房山5G长阳行政学校会议楼1ZM,116.172614,39.750177,13 ,0.01 ,28.22 ,0.02%,0.990 ,,54 ,1.87 ,9.788145524,16.0%,1.000 ,,北京良乡大学城,9.788145524
房山5G长阳行政学校会议楼2ZM,116.172614,39.750177,11 ,0.09 ,28.22 ,0.33%,1.000 ,,36 ,0.67 ,9.788145524,6.4%,1.000 ,,北京良乡大学城,9.788145524
房山5G良乡永兴楼1Z,116.136891,39.748731,1288 ,3.76 ,7.04 ,34.82%,0.989 ,,1793 ,18.28 ,2.554603592,87.7%,1.000 ,,北京良乡大学城,2.554603592
房山5G良乡行宫营业厅1ZM,116.140777,39.746754,17 ,0.09 ,7.94 ,1.13%,0.988 ,,23 ,0.46 ,2.099954694,18.0%,1.000 ,,北京良乡大学城,2.099954694
房山5G良乡鱼儿沟1Z,116.129352,39.743985,3745 ,4.63 ,0.60 ,88.48%,0.965 ,,4433 ,42.86 ,3.052731154,93.4%,1.000 ,,北京良乡大学城,3.052731154
房山5G良乡花鸟鱼虫市场1ZM,116.138902,39.742499,11 ,4.72 ,2.59 ,64.60%,,,7 ,5.19 ,1.917518144,73.0%,1.000 ,,北京良乡大学城,1.917518144
房山5G良乡北潞园派出所1Z,116.122651,39.742181,6989 ,0.71 ,11.19 ,5.99%,0.996 ,,10510 ,46.59 ,1.370608425,97.1%,1.000 ,,北京良乡大学城,1.370608425
房山5G良乡青年创业园1ZM,116.133321,39.741364,90 ,0.08 ,5.41 ,1.41%,0.997 ,,82 ,3.06 ,2.47266712,55.3%,1.000 ,,北京良乡大学城,2.47266712
房山5G良乡高教园区大学生创业实习基地1ZM,116.171697,39.740109,3884 ,0.04 ,36.15 ,0.11%,0.981 ,,8219 ,103.28 ,6.135513966,94.4%,1.000 ,,北京良乡大学城,6.135513966
房山5G良乡高教园区大学生创业基地2HM,116.165502,39.738724,0 ,0.00 ,3.75 ,0.00%,1.000 ,,2 ,0.04 ,1.021093104,3.8%,1.000 ,,北京良乡大学城,1.021093104
房山5G良乡北京理工大学5号宿舍楼B座2ZM,116.165591,39.735642,7 ,0.40 ,5.00 ,7.45%,,,8 ,0.44 ,0,100.0%,1.000 ,,北京良乡大学城,0
房山5G良乡美廉美良乡店1ZM,116.129261,39.735161,10 ,0.66 ,3.28 ,16.75%,0.966 ,,12 ,0.73 ,3.319522243,18.0%,1.000 ,,北京良乡大学城,3.319522243
房山5G良乡智汇雅苑二期4ZM,116.175041,39.734211,209 ,0.00 ,26.15 ,0.00%,1.000 ,,0 ,0.00 ,6.269948737,0.0%,1.000 ,,北京良乡大学城,6.269948737
房山5G良乡龙鑫大厦53号1ZM,116.135731,39.733481,3 ,0.00 ,18.75 ,0.00%,1.000 ,,10 ,0.04 ,6.624018612,0.6%,1.000 ,,北京良乡大学城,6.624018612
房山5G良乡拱辰大街营业厅1ZM,116.136224,39.7332,29 ,1.33 ,15.63 ,7.83%,0.994 ,,22 ,1.41 ,6.396103195,18.1%,1.000 ,,北京良乡大学城,6.396103195
房山5G良乡北京理工大学北校区7ZM,116.161848,39.731849,0 ,0.00 ,94.35 ,0.00%,,,0 ,0.00 ,80.64771531,0.0%,1.000 ,,北京良乡大学城,80.64771531
房山5G良乡北京理工大学北校区8ZM,116.161848,39.731849,0 ,0.00 ,94.35 ,0.00%,,,0 ,0.00 ,80.64771531,0.0%,1.000 ,,北京良乡大学城,80.64771531
房山5G良乡动感地带品牌店（理工大学营业厅）1ZM,116.161326,39.73112,0 ,0.00 ,43.97 ,0.00%,,,0 ,0.00 ,31.59675684,0.0%,1.000 ,,北京良乡大学城,31.59675684
房山5G良乡客赛思服装市场1ZM,116.135389,39.730946,77 ,0.43 ,32.71 ,1.29%,0.990 ,,85 ,1.75 ,6.958219348,20.1%,1.000 ,,北京良乡大学城,6.958219348
房山5G良乡国土资源局1ZM,116.128291,39.730203,5 ,0.00 ,11.15 ,0.00%,1.000 ,,13 ,0.44 ,6.306860556,6.5%,1.000 ,,北京良乡大学城,6.306860556
房山5G良乡西路营业厅1ZM,116.129338,39.729942,10 ,0.07 ,9.69 ,0.67%,1.000 ,,12 ,0.70 ,5.92239327,10.6%,1.000 ,,北京良乡大学城,5.92239327
房山5G良乡国泰百货1ZM,116.136414,39.729251,0 ,0.00 ,23.24 ,0.00%,,,0 ,0.00 ,5.238529017,0.0%,1.000 ,,北京良乡大学城,5.238529017
房山5G良乡西潞时代大厦1ZM,116.121141,39.728936,6 ,0.01 ,6.79 ,0.15%,0.975 ,,24 ,0.07 ,2.4962859,2.7%,1.000 ,,北京良乡大学城,2.4962859
房山5G良乡同方大厦1ZM,116.130311,39.728291,35 ,1.76 ,10.44 ,14.46%,1.000 ,,42 ,6.08 ,3.972283478,60.5%,1.000 ,,北京良乡大学城,3.972283478
房山5G良乡妇幼保健院1ZM,116.121131,39.727231,2519 ,0.25 ,19.10 ,1.29%,0.996 ,,6162 ,117.41 ,5.500858224,95.5%,1.000 ,,北京良乡大学城,5.500858224
房山5G良乡裕恒通家居广场1ZM,116.141207,39.726452,0 ,0.00 ,4.94 ,0.00%,,,0 ,0.00 ,0.215504833,0.0%,1.000 ,,北京良乡大学城,0.215504833
房山5G良乡发改委1ZM,116.129325,39.724037,0 ,0.00 ,15.35 ,0.00%,,,4 ,0.02 ,13.24325752,0.1%,1.000 ,,北京良乡大学城,13.24325752
房山5G良乡财政局1ZM,116.128611,39.723056,2 ,0.00 ,6.13 ,0.05%,1.000 ,,9 ,0.01 ,11.18566869,0.1%,1.000 ,,北京良乡大学城,11.18566869
房山5G良乡首开熙悦睿府商业楼1ZM,116.162714,39.722615,2297 ,0.16 ,3.71 ,4.06%,0.982 ,,5183 ,48.63 ,11.02089406,81.5%,1.000 ,,北京良乡大学城,11.02089406
房山5G良乡营业厅1ZM,116.14436,39.72228,18 ,0.13 ,15.23 ,0.82%,1.000 ,,22 ,1.15 ,11.04038823,9.5%,1.000 ,,北京良乡大学城,11.04038823
房山5G良乡交通局1ZM,116.107505,39.720913,0 ,0.00 ,2.41 ,0.00%,,,0 ,0.00 ,1.473519549,0.0%,1.000 ,,北京良乡大学城,1.473519549
房山5G北京中医药大学营业厅1ZM,116.166819,39.710994,1 ,0.60 ,101.58 ,0.58%,0.990 ,,1 ,0.66 ,21.55402676,3.0%,1.000 ,,北京良乡大学城,21.55402676
